{
  "generatedBy": "NOCTURNA procedural music engine (Music Pro adaptation) — beat grid exact by construction (File Analyzer adaptation)",
  "onbeatWindowMs": {
    "perfect": 90,
    "good": 165
  },
  "beatsPerBar": 4,
  "tracks": [
    {
      "id": "mov1_brisa",
      "movement": 1,
      "bpm": 88,
      "beatDurationSec": 0.68182,
      "offsetSec": 0,
      "firstBeats": [
        0,
        0.6818,
        1.3636,
        2.0455,
        2.7273,
        3.4091,
        4.0909,
        4.7727,
        5.4545,
        6.1364,
        6.8182,
        7.5,
        8.1818,
        8.8636,
        9.5455,
        10.2273,
        10.9091,
        11.5909,
        12.2727,
        12.9545,
        13.6364,
        14.3182,
        15,
        15.6818,
        16.3636,
        17.0455,
        17.7273,
        18.4091,
        19.0909,
        19.7727,
        20.4545,
        21.1364
      ],
      "downbeats": [
        0,
        2.7273,
        5.4545,
        8.1818,
        10.9091,
        13.6364,
        16.3636,
        19.0909
      ],
      "spawnSchedule": {
        "everyBars": 2,
        "syncopatedOffbeat": null
      }
    },
    {
      "id": "mov2_savia",
      "movement": 2,
      "bpm": 96,
      "beatDurationSec": 0.625,
      "offsetSec": 0,
      "firstBeats": [
        0,
        0.625,
        1.25,
        1.875,
        2.5,
        3.125,
        3.75,
        4.375,
        5,
        5.625,
        6.25,
        6.875,
        7.5,
        8.125,
        8.75,
        9.375,
        10,
        10.625,
        11.25,
        11.875,
        12.5,
        13.125,
        13.75,
        14.375,
        15,
        15.625,
        16.25,
        16.875,
        17.5,
        18.125,
        18.75,
        19.375
      ],
      "downbeats": [
        0,
        2.5,
        5,
        7.5,
        10,
        12.5,
        15,
        17.5
      ],
      "spawnSchedule": {
        "everyBars": 2,
        "syncopatedOffbeat": null
      }
    },
    {
      "id": "mov3_pulso",
      "movement": 3,
      "bpm": 104,
      "beatDurationSec": 0.57692,
      "offsetSec": 0,
      "firstBeats": [
        0,
        0.5769,
        1.1538,
        1.7308,
        2.3077,
        2.8846,
        3.4615,
        4.0385,
        4.6154,
        5.1923,
        5.7692,
        6.3462,
        6.9231,
        7.5,
        8.0769,
        8.6538,
        9.2308,
        9.8077,
        10.3846,
        10.9615,
        11.5385,
        12.1154,
        12.6923,
        13.2692,
        13.8462,
        14.4231,
        15,
        15.5769,
        16.1538,
        16.7308,
        17.3077,
        17.8846
      ],
      "downbeats": [
        0,
        2.3077,
        4.6154,
        6.9231,
        9.2308,
        11.5385,
        13.8462,
        16.1538
      ],
      "spawnSchedule": {
        "everyBars": 1,
        "syncopatedOffbeat": "beat 3 of bar (index%4==2)"
      }
    },
    {
      "id": "mov4_vortice",
      "movement": 4,
      "bpm": 112,
      "beatDurationSec": 0.53571,
      "offsetSec": 0,
      "firstBeats": [
        0,
        0.5357,
        1.0714,
        1.6071,
        2.1429,
        2.6786,
        3.2143,
        3.75,
        4.2857,
        4.8214,
        5.3571,
        5.8929,
        6.4286,
        6.9643,
        7.5,
        8.0357,
        8.5714,
        9.1071,
        9.6429,
        10.1786,
        10.7143,
        11.25,
        11.7857,
        12.3214,
        12.8571,
        13.3929,
        13.9286,
        14.4643,
        15,
        15.5357,
        16.0714,
        16.6071
      ],
      "downbeats": [
        0,
        2.1429,
        4.2857,
        6.4286,
        8.5714,
        10.7143,
        12.8571,
        15
      ],
      "spawnSchedule": {
        "everyBars": 1,
        "syncopatedOffbeat": "beat 3 of bar (index%4==2)"
      }
    },
    {
      "id": "mov5_vacio",
      "movement": 5,
      "bpm": 120,
      "beatDurationSec": 0.5,
      "offsetSec": 0,
      "firstBeats": [
        0,
        0.5,
        1,
        1.5,
        2,
        2.5,
        3,
        3.5,
        4,
        4.5,
        5,
        5.5,
        6,
        6.5,
        7,
        7.5,
        8,
        8.5,
        9,
        9.5,
        10,
        10.5,
        11,
        11.5,
        12,
        12.5,
        13,
        13.5,
        14,
        14.5,
        15,
        15.5
      ],
      "downbeats": [
        0,
        2,
        4,
        6,
        8,
        10,
        12,
        14
      ],
      "spawnSchedule": {
        "everyBars": 2,
        "syncopatedOffbeat": "beat 3 of bar (index%4==2)"
      }
    }
  ]
}